{"cameraMode":{"drawMode":0,"name":"Shaded","section":"Shading Mode"},"sceneLighting":false,"audioPlay":false,"sceneViewState":{"showFog":true,"showMaterialUpdate":false,"showSkybox":false,"showFlares":true,"showImageEffects":true,"showParticleSystems":true},"in2DMode":false,"pivot":{"x":-0.20987164974212647,"y":4.263883113861084,"z":5.132681846618652},"rotation":{"x":0.128306046128273,"y":-0.6664416790008545,"z":-0.11797063797712326,"w":-0.7249079346656799},"size":6.95163631439209,"orthographic":false}