{"cameraMode":{"drawMode":0,"name":"Shaded","section":"Shading Mode"},"sceneLighting":false,"audioPlay":false,"sceneViewState":{"showFog":true,"showMaterialUpdate":false,"showSkybox":false,"showFlares":true,"showImageEffects":true,"showParticleSystems":true},"in2DMode":false,"pivot":{"x":-0.1782272607088089,"y":0.5259513258934021,"z":-0.213018000125885},"rotation":{"x":-0.04841316491365433,"y":0.9391178488731384,"z":-0.306020587682724,"w":-0.14856763184070588},"size":1.9134013652801514,"orthographic":false}