{"cameraMode":{"drawMode":0,"name":"Shaded","section":"Shading Mode"},"sceneLighting":false,"audioPlay":false,"sceneViewState":{"showFog":true,"showMaterialUpdate":false,"showSkybox":false,"showFlares":true,"showImageEffects":true,"showParticleSystems":true},"in2DMode":false,"pivot":{"x":-16.11911964416504,"y":2.083645820617676,"z":-7.588682174682617},"rotation":{"x":0.26497402787208559,"y":-0.6054173707962036,"z":0.22396545112133027,"w":0.7163242101669312},"size":2.1000723838806154,"orthographic":false}