{"cameraMode":{"drawMode":0,"name":"Shaded","section":"Shading Mode"},"sceneLighting":false,"audioPlay":false,"sceneViewState":{"showFog":true,"showMaterialUpdate":false,"showSkybox":false,"showFlares":true,"showImageEffects":true,"showParticleSystems":true},"in2DMode":false,"pivot":{"x":0.2799999713897705,"y":2.609999895095825,"z":1.1399999856948853},"rotation":{"x":0.1917688548564911,"y":-0.6248331665992737,"z":0.16209162771701814,"w":0.7392943501472473},"size":1.4289418458938599,"orthographic":false}