{"cameraMode":{"drawMode":0,"name":"Shaded","section":"Shading Mode"},"sceneLighting":false,"audioPlay":false,"sceneViewState":{"showFog":true,"showMaterialUpdate":false,"showSkybox":false,"showFlares":true,"showImageEffects":true,"showParticleSystems":true},"in2DMode":false,"pivot":{"x":4.730000019073486,"y":4.318103313446045,"z":7.680112838745117},"rotation":{"x":0.21609216928482057,"y":0.003235227195546031,"z":-0.0007059258059598506,"w":0.976378321647644},"size":0.5360390543937683,"orthographic":false}