{"cameraMode":{"drawMode":0,"name":"Shaded","section":"Shading Mode"},"sceneLighting":false,"audioPlay":false,"sceneViewState":{"showFog":true,"showMaterialUpdate":false,"showSkybox":false,"showFlares":true,"showImageEffects":true,"showParticleSystems":true},"in2DMode":false,"pivot":{"x":8.85561466217041,"y":-6.349074840545654,"z":2.0561113357543947},"rotation":{"x":0.3312624990940094,"y":-0.029417524114251138,"z":0.010345851071178913,"w":0.9430328011512756},"size":18.8748722076416,"orthographic":false}