{"cameraMode":{"drawMode":0,"name":"Shaded","section":"Shading Mode"},"sceneLighting":false,"audioPlay":false,"sceneViewState":{"showFog":true,"showMaterialUpdate":false,"showSkybox":false,"showFlares":true,"showImageEffects":true,"showParticleSystems":true},"in2DMode":false,"pivot":{"x":-0.0012837648391723633,"y":0.013650568202137947,"z":0.0},"rotation":{"x":0.18479134142398835,"y":-0.389711856842041,"z":0.08014797419309616,"w":0.8986499905586243},"size":0.29978013038635256,"orthographic":false}