{"cameraMode":{"drawMode":0,"name":"Shaded","section":"Shading Mode"},"sceneLighting":false,"audioPlay":false,"sceneViewState":{"showFog":true,"showMaterialUpdate":false,"showSkybox":false,"showFlares":true,"showImageEffects":true,"showParticleSystems":true},"in2DMode":false,"pivot":{"x":0.0,"y":0.7620645761489868,"z":0.0022602081298828127},"rotation":{"x":0.27048420906066897,"y":-0.18596258759498597,"z":0.05334523692727089,"w":0.9430962800979614},"size":10.720785140991211,"orthographic":false}