{"cameraMode":{"drawMode":0,"name":"Shaded","section":"Shading Mode"},"sceneLighting":false,"audioPlay":false,"sceneViewState":{"showFog":true,"showMaterialUpdate":false,"showSkybox":false,"showFlares":true,"showImageEffects":true,"showParticleSystems":true},"in2DMode":false,"pivot":{"x":101.25516510009766,"y":6.814178466796875,"z":-23.20306968688965},"rotation":{"x":0.24199913442134858,"y":-0.43545493483543398,"z":0.12278376519680023,"w":0.8583458065986633},"size":57.52330780029297,"orthographic":false}