{"cameraMode":{"drawMode":0,"name":"Shaded","section":"Shading Mode"},"sceneLighting":false,"audioPlay":false,"sceneViewState":{"showFog":true,"showMaterialUpdate":false,"showSkybox":false,"showFlares":true,"showImageEffects":true,"showParticleSystems":true},"in2DMode":false,"pivot":{"x":0.78148353099823,"y":-0.4739983081817627,"z":-20.11193084716797},"rotation":{"x":0.15003909170627595,"y":-0.641606867313385,"z":0.12993960082530976,"w":0.7409203052520752},"size":13.976286888122559,"orthographic":false}