{"cameraMode":{"drawMode":0,"name":"Shaded","section":"Shading Mode"},"sceneLighting":false,"audioPlay":false,"sceneViewState":{"showFog":true,"showMaterialUpdate":false,"showSkybox":false,"showFlares":true,"showImageEffects":true,"showParticleSystems":true},"in2DMode":false,"pivot":{"x":0.0,"y":0.8552080988883972,"z":-0.008454948663711548},"rotation":{"x":-0.04841316491365433,"y":0.9391178488731384,"z":-0.306020587682724,"w":-0.14856763184070588},"size":3.7102596759796144,"orthographic":false}