{"cameraMode":{"drawMode":0,"name":"Shaded","section":"Shading Mode"},"sceneLighting":true,"audioPlay":false,"sceneViewState":{"showFog":true,"showMaterialUpdate":false,"showSkybox":true,"showFlares":true,"showImageEffects":true,"showParticleSystems":true},"in2DMode":false,"pivot":{"x":0.2685820460319519,"y":2.4919087886810304,"z":0.5639206171035767},"rotation":{"x":0.26497402787208559,"y":-0.6054173707962036,"z":0.22396545112133027,"w":0.7163242101669312},"size":0.285788357257843,"orthographic":false}