{"cameraMode":{"drawMode":0,"name":"Shaded","section":"Shading Mode"},"sceneLighting":false,"audioPlay":false,"sceneViewState":{"showFog":true,"showMaterialUpdate":false,"showSkybox":false,"showFlares":true,"showImageEffects":true,"showParticleSystems":true},"in2DMode":false,"pivot":{"x":16.315044403076173,"y":-3.3562846183776857,"z":-1.6087946891784669},"rotation":{"x":0.15003909170627595,"y":-0.641606867313385,"z":0.12993960082530976,"w":0.7409203052520752},"size":12.723589897155762,"orthographic":false}