{"cameraMode":{"drawMode":0,"name":"Shaded","section":"Shading Mode"},"sceneLighting":false,"audioPlay":false,"sceneViewState":{"showFog":true,"showMaterialUpdate":false,"showSkybox":false,"showFlares":true,"showImageEffects":true,"showParticleSystems":true},"in2DMode":false,"pivot":{"x":0.7209470868110657,"y":-0.13862308859825135,"z":4.582311630249023},"rotation":{"x":0.15003909170627595,"y":-0.641606867313385,"z":0.12993960082530976,"w":0.7409203052520752},"size":11.120967864990235,"orthographic":false}