{"cameraMode":{"drawMode":0,"name":"Shaded","section":"Shading Mode"},"sceneLighting":false,"audioPlay":false,"sceneViewState":{"showFog":true,"showMaterialUpdate":false,"showSkybox":false,"showFlares":true,"showImageEffects":true,"showParticleSystems":true},"in2DMode":false,"pivot":{"x":-2.3967528343200685,"y":-0.08910465240478516,"z":9.488025665283204},"rotation":{"x":0.24199913442134858,"y":-0.43545493483543398,"z":0.12278376519680023,"w":0.8583458065986633},"size":33.8984375,"orthographic":false}