{"cameraMode":{"drawMode":0,"name":"Shaded","section":"Shading Mode"},"sceneLighting":false,"audioPlay":false,"sceneViewState":{"showFog":true,"showMaterialUpdate":false,"showSkybox":false,"showFlares":true,"showImageEffects":true,"showParticleSystems":true},"in2DMode":false,"pivot":{"x":0.5699999928474426,"y":2.499000072479248,"z":1.61899995803833},"rotation":{"x":-0.14819146692752839,"y":-0.030558433383703233,"z":0.004573049023747444,"w":-0.9884843826293945},"size":0.2857882082462311,"orthographic":false}