{"cameraMode":{"drawMode":0,"name":"Shaded","section":"Shading Mode"},"sceneLighting":false,"audioPlay":false,"sceneViewState":{"showFog":true,"showMaterialUpdate":false,"showSkybox":false,"showFlares":true,"showImageEffects":true,"showParticleSystems":true},"in2DMode":false,"pivot":{"x":-3.8941969871520998,"y":-1.0050649642944337,"z":-45.61475372314453},"rotation":{"x":0.15003909170627595,"y":-0.641606867313385,"z":0.12993960082530976,"w":0.7409203052520752},"size":8.603951454162598,"orthographic":false}