{"cameraMode":{"drawMode":0,"name":"Shaded","section":"Shading Mode"},"sceneLighting":false,"audioPlay":false,"sceneViewState":{"showFog":true,"showMaterialUpdate":false,"showSkybox":false,"showFlares":true,"showImageEffects":true,"showParticleSystems":true},"in2DMode":false,"pivot":{"x":-0.03999999165534973,"y":2.125,"z":4.599999904632568},"rotation":{"x":0.21516482532024384,"y":-0.09036702662706375,"z":0.020010311156511308,"w":0.972191333770752},"size":0.5715869069099426,"orthographic":false}